x1,x2,x3,x4,x5,x6,f1,TR,time
0.07544654607772827,0.42141997814178467,0.032542984932661057,0.328787624835968,0.11664929240942001,0.5444575548171997,10.33135179795034,-1.0,0.31786057776674476
0.7388779520988464,0.622070848941803,0.9153044819831848,0.6298394799232483,0.6706038117408752,0.1014372929930687,63.17568052423794,-1.0,0.31786057776674476
0.9974527359008789,0.061262115836143494,0.32393988966941833,0.12530653178691864,0.7684319615364075,0.317169189453125,68.98139300570547,-1.0,0.31786057776674476
0.3171156644821167,0.9806666970252991,0.6910457611083984,0.8320667147636414,0.4483642280101776,0.764226496219635,54.41739574547295,-1.0,0.31786057776674476
0.4762604832649231,0.15051554143428802,0.8034720420837402,0.9921308755874634,0.25116753578186035,0.6988615393638611,75.52302482577382,-1.0,0.31786057776674476
0.8422141671180725,0.820953905582428,0.1863633096218109,0.03482148051261902,0.9618615508079529,0.12693490087985992,18.658015477290444,-1.0,0.31786057776674476
0.5855305194854736,0.26081645488739014,0.5899866223335266,0.5381345748901367,0.5982634425163269,0.4091036915779114,69.60289975869833,-1.0,0.31786057776674476
0.23270025849342346,0.7125087380409241,0.45722225308418274,0.487632155418396,0.18493281304836273,0.9772546291351318,48.99697906474787,-1.0,0.31786057776674476
0.15625764429569244,0.07701437175273895,0.5202261805534363,0.1121707633137703,0.7237378358840942,0.8374189734458923,69.07791781331682,-1.0,0.31786057776674476
0.525267481803894,0.9026651382446289,0.40295901894569397,0.9126203656196594,0.059431757777929306,0.26939865946769714,45.44654763940309,-1.0,0.31786057776674476
0.7657760977745056,0.4686855971813202,0.8733605146408081,0.40832918882369995,0.3756970465183258,0.04764586687088013,62.49854554337004,-1.0,0.31786057776674476
0.41599342226982117,0.5130902528762817,0.24049898982048035,0.6156925559043884,0.8373663425445557,0.6197031736373901,48.50688432132905,-1.0,0.31786057776674476
0.260692834854126,0.37056297063827515,0.25307366251945496,0.7084980010986328,0.8939037322998047,0.9371349811553955,57.102499288518956,-1.0,0.31786057776674476
0.9249829053878784,0.6660014390945435,0.6359361410140991,0.2518059313297272,0.32285815477371216,0.49020829796791077,44.10432857469306,-1.0,0.31786057776674476
0.6824591755867004,0.2287868708372116,0.10327783226966858,0.7553619146347046,0.24117378890514374,0.2098923921585083,46.684203615627595,-1.0,0.31786057776674476
0.0029721735045313835,0.8054790496826172,0.9705459475517273,0.2042407989501953,0.5461059808731079,0.6530433297157288,37.80644163478158,-1.0,0.31786057776674476
0.037489939481019974,0.18778587877750397,0.4250311553478241,0.5209113955497742,0.4823054075241089,0.4413936138153076,70.07595031964405,-1.0,0.31786057776674476
0.6559999585151672,0.7683197855949402,0.5577859282493591,0.43866291642189026,0.8009085059165955,0.8844216465950012,49.199309497068924,-1.0,0.31786057776674476
0.8967527151107788,0.3295639753341675,0.21276584267616272,0.9429479241371155,0.6331034898757935,0.6666983366012573,57.31078513940929,-1.0,0.31786057776674476
0.2964932918548584,0.628851592540741,0.8298652172088623,0.017384348437190056,0.0796370655298233,0.2196488082408905,22.28267293563523,-1.0,0.31786057776674476
0.3872787654399872,0.4901236295700073,0.6608002185821533,0.174031600356102,0.15198346972465515,0.2869592308998108,44.659477923358644,-1.0,0.31786057776674476
0.8020610213279724,0.5384919047355652,0.29369989037513733,0.8500223159790039,0.5648255944252014,0.8588933944702148,53.10722954446103,-1.0,0.31786057776674476
0.5592931509017944,0.09845425188541412,0.9514650702476501,0.34646889567375183,0.9980953335762024,0.5747944712638855,75.30656042546454,-1.0,0.31786057776674476
0.13029052317142487,0.928076446056366,0.0687093436717987,0.6782900094985962,0.28886643052101135,0.006651067174971104,9.198565533126688,-1.0,0.31786057776674476
0.19836464524269104,0.28234317898750305,0.881712019443512,0.8038048148155212,0.8745425939559937,0.17968229949474335,73.0398513428973,-1.0,0.31786057776674476
0.6122958660125732,0.7378770112991333,0.014438226819038391,0.22192975878715515,0.4123848080635071,0.7477103471755981,28.609660444349675,-1.0,0.31786057776674476
0.8701382279396057,0.1720479279756546,0.7306960821151733,0.7264612317085266,0.02553231455385685,0.9674717783927917,68.90062415253614,-1.0,0.31786057776674476
0.44027790427207947,0.8463356494903564,0.3478277027606964,0.3005233407020569,0.6913034915924072,0.39542219042778015,32.84912013422061,-1.0,0.31786057776674476
0.3455241918563843,0.020227745175361633,0.1418917328119278,0.3908843994140625,0.5095553398132324,0.07993589341640472,71.01312199682587,-1.0,0.31786057776674476
0.9609856605529785,0.9435961246490479,0.7747629880905151,0.5665172338485718,0.20315852761268616,0.52687007188797,51.00691112143176,-1.0,0.31786057776674476
0.0,1.0,0.0,0.0,0.0,0.0,35.14337002825667,0.0,0.31786057776674476
0.20460252761840822,0.7227262496948242,0.23213624954223633,0.3398893833160401,0.31997475624084476,0.3281058073043823,31.896818054257007,0.0,0.31786057776674476
0.10015747547149659,0.8039063930511474,0.05581510066986084,0.15718693733215333,0.04979418218135834,0.13307954072952272,13.576192512264152,0.0,0.31786057776674476
0.00818684995174408,0.6186986118555069,0.30812194347381594,0.2791423559188843,0.17474980354309083,0.038794842362403874,38.768537215316705,0.0,0.31786057776674476
0.31224699020385743,0.9124810934066773,0.1782911777496338,0.024562621116638185,0.2949336290359497,0.24376981258392336,28.066672430469527,0.0,0.31786057776674476
0.37614259719848636,0.6897234916687012,0.04126023948192597,0.09479512572288513,0.23582153320312502,0.3751272201538086,17.147326865213305,0.0,0.31786057776674476
0.07861894369125366,0.9834425449371338,0.2707128763198853,0.2026719093322754,0.10933881998062134,0.18244506120681764,17.622859596635443,0.0,0.31786057776674476
0.1866482973098755,0.7938516736030579,0.11843006610870362,0.13678547143936157,0.08429766297340394,0.0894296944141388,8.85224313103732,0.0,0.31786057776674476
0.28378705978393554,0.8751700162887572,0.3951301097869873,0.36652886867523193,0.3607771158218384,0.29674801826477054,37.17183678206846,0.0,0.31786057776674476
0.26076250076293944,0.6472659885883331,0.13934354782104494,0.2336906909942627,0.01751287579536438,0.2195073127746582,18.351470241505073,0.0,0.31786057776674476
0.1563022017478943,0.9285857439041137,0.37192080020904544,0.06338563561439514,0.33771748542785646,0.013543909788131714,9.810481375686933,0.0,0.31786057776674476
0.05183155536651612,0.7425593376159668,0.013363951444625856,0.39793832302093507,0.26276180744171146,0.10833085775375367,29.236942545436463,0.0,0.31786057776674476
0.35590696334838867,0.8362769603729248,0.2994386196136475,0.1057666540145874,0.1925539493560791,0.3023679256439209,11.835599992260258,0.0,0.31786057776674476
0.3322903633117676,0.7650830149650574,0.3372508049011231,0.17599878311157227,0.12666689157485964,0.2712165594100952,25.175622794854355,0.0,0.31786057776674476
0.0347758561372757,0.8588638544082641,0.151554274559021,0.32146825790405276,0.20317363739013672,0.0644715428352356,17.325733094488285,0.0,0.31786057776674476
0.1303052306175232,0.6700916290283203,0.21008708477020266,0.04298378527164459,0.3782146692276001,0.15740283727645876,11.549894369588886,0.0,0.31786057776674476
0.2274348258972168,0.9512733936309814,0.07713093757629395,0.26033055782318115,0.05171117782592774,0.3506590604782105,10.257659887823998,0.0,0.31786057776674476
0.24316155910491943,0.6601178050041199,0.36232657432556153,0.14787514209747316,0.28450350761413573,0.052368181943893435,27.133872948766104,0.0,0.31786057776674476
0.139772367477417,0.9663254261016846,0.12623358964920045,0.3558419466018677,0.15783622264862063,0.2583197593688965,12.126630839090991,0.0,0.31786057776674476
0.04424338936805725,0.7547199487686157,0.2847660303115845,0.08360615968704224,0.03287748396396637,0.3635558605194092,9.769569500549453,0.0,0.31786057776674476
0.3480167150497437,0.8735237836837768,0.0022070784121751784,0.21345787048339845,0.3095476388931275,0.16950619220733643,45.878763970121824,0.0,0.31786057776674476
0.36537301540374756,0.7275302767753601,0.16422542333602907,0.293064022064209,0.3690512657165528,0.0006594665348529816,22.640785610796247,0.0,0.31786057776674476
0.06756244301795959,0.8462279796600342,0.34718768596649174,0.01026240885257721,0.09867989420890809,0.20739190578460695,31.644568529079706,0.0,0.31786057776674476
0.17203345298767092,0.6326319873332977,0.08863045573234558,0.3260637760162354,0.1237239956855774,0.3144833326339722,13.918992633377412,0.0,0.31786057776674476
0.2702281713485718,0.9389228582382202,0.2243208885192871,0.17139096260070802,0.24409248828887942,0.12121529579162599,13.97825872105368,0.0,0.31786057776674476
0.2993093252182007,0.7854662656784057,0.06619057059288025,0.02917035222053528,0.1779841184616089,0.19377918243408204,21.318120314603842,0.0,0.31786057776674476
0.1959293007850647,0.8917585611343384,0.24602744579315186,0.27454674243927,0.25467543601989745,0.38879287242889404,23.80777515324869,0.0,0.31786057776674476
0.087900310754776,0.6809457898139953,0.19374500513076784,0.18990823030471804,0.3296341180801392,0.28308236598968506,21.769228229876628,0.0,0.31786057776674476
0.39166448116302494,0.9996420383453369,0.3200600624084473,0.30715579986572267,0.0029399320483207703,0.07809557914733888,11.81954068311066,0.0,0.31786057776674476
0.32153298854827883,0.6020871933549642,0.25726046562194826,0.3867615938186646,0.06843717098236084,0.1467576265335083,39.93545229840941,0.0,0.31786057776674476
0.7799402714506051,0.4375163829384791,0.6874915829361193,0.0,0.0,0.5874243245936157,27.07295562779621,0.0,0.24042791700048838
0.7481166433210675,1.0,0.6473401523071137,0.46595369924557906,0.0,0.6213493971619296,28.858075145656297,0.0,0.3232746670000779
0.6632102433439472,0.42477818578690196,0.0,0.0,0.4624352182657935,0.6343183269209612,33.691746500146124,0.0,0.1672988329992222
0.0,1.0,0.7582855220089422,0.5714127479994185,0.0,0.7648800778563543,34.241178195249574,0.0,0.21550274999754038
0.7770109834786081,0.38492880581875955,0.5114339645552142,0.0,0.5147536099677396,0.6689443603685348,52.19040823862054,0.0,0.15894625000146334
0.17099524908246672,1.0,0.0,0.0,0.0,0.14247145783246373,46.737734918017,0.0,0.26114370800132747
0.17531686699804913,0.0,0.9360231036280106,0.9458430726875169,0.9017257648869583,0.907055880275914,79.80086469876862,0.0,0.2779964999972435
0.38721058905500044,0.8773858450380401,0.15877278934853725,0.22887549046474243,0.0,0.0,17.710459221398757,0.0,0.3724649590003537
0.0,0.8072280503532541,0.09791498195929826,0.2126105349220266,0.0,0.797142667410127,31.964538034126974,0.0,0.3473467090007034
0.11403493319382403,0.8531988478229141,0.1464323952679421,0.26679215919898946,0.0422714790367414,0.2643219882040056,14.706537778052002,0.0,0.4037154580000788
0.0,0.852255939791925,0.09375683419230506,0.2422143246336473,0.0,0.12052457012726465,32.56416483030437,0.0,0.25417491600092035
0.8933985524053416,0.7196434473504304,0.1684386600531478,0.057020611189984347,0.0,0.0,6.4358516176378995,0.0,0.2340458340004261
1.0,0.6878437685566503,0.16678813504481102,0.0,0.0,0.0,30.62005707372093,0.0,0.26247379100095714
1.0,0.7956081182554018,0.2107373087742177,0.12055047479223195,0.6528493209287329,0.0,12.128054701166699,0.0,0.27920295800140593
0.19739443131564036,0.7551347241027869,0.1865297257618105,0.07996299813517035,0.0,0.0,15.056846552091997,0.0,0.40398849999837694
1.0,0.8816822166109375,0.22972723527627684,0.07954808726581229,0.0,0.0,5.35213961008209,0.0,0.282286583998939
1.0,1.0,0.2098803359666051,0.10153849246034814,0.0,0.0,5.639050237518645,0.0,0.31358162499964237
1.0,1.0,0.2143456144071408,0.10144906258354545,0.0,0.0,6.041402193505303,0.0,0.5759812500000407
1.0,1.0,0.2095768867264375,0.10097543108202575,0.0,0.8645611454307005,6.553518690441855,0.0,0.43076016700069886
1.0,1.0,0.24405932591527607,0.08782706724459607,0.32677502583810486,0.0,9.113840938924238,0.0,0.35582745899955626
1.0,0.7174604957674735,0.1853379642200566,0.10013972605503338,0.0,0.0,6.7274598636302905,0.0,0.38661312499971245
1.0,1.0,0.29443615987847344,0.09215869469430711,0.0,0.0,5.594720739804708,0.0,0.3820015000019339
1.0,0.7898213194698294,0.2624054048052285,0.08082765373462492,0.0,0.0,6.246383006610912,0.0,0.3583782499990775
1.0,0.8788801714047406,0.26259735900646924,0.08016867790584968,0.0,0.43491081450617775,5.936529943768454,0.0,0.342253000002529
1.0,0.9747514956692962,0.2625803635021365,0.08164569739650865,0.0,0.0,6.121156269384051,0.0,0.2998134580011538
1.0,0.7882705342554712,0.2625460376356531,0.07361245640267673,0.0,0.0,5.770875436597766,0.0,0.3417094999967958
1.0,0.7875261759646309,0.2626633067934505,0.07398298721238293,0.0,0.43883961517375775,6.320862610179704,0.0,0.27056274999995367
0.9159862246424286,0.8469797984966415,0.17088314253498976,0.0812434077782301,0.0,0.0,5.244175847949897,0.0,0.36019504200157826
1.0,0.6975476585901613,0.11237117218195261,0.0710682697397259,0.0,0.0,7.347718453060655,0.0,0.41265245899921865
0.829624019587682,1.0,0.23032275931860433,0.09413989922327017,0.11490598582915441,0.2619839818627697,9.043738323746618,0.0,0.47090579199721105
0.912638984212804,0.6645170581258852,0.17417442088113125,0.0737046810042475,0.12130039208709109,0.0,8.679116192762264,0.0,0.635632749999786
0.9441338298746809,1.0,0.14139391723204092,0.06839974925400212,0.0,0.0,7.524292942344508,0.0,0.4383042920017033
0.9290364378609046,0.8027454226662841,0.2078133110680544,0.0706618363290159,0.0,0.0,5.336829383408197,0.0,0.7466906249974272
0.8269609549432732,0.7286343390350907,0.12940638377835836,0.07359590576786597,0.0,0.6535141168095824,8.797847444360025,0.0,0.49613891700209933
0.9616631779767959,0.8790231445076309,0.14712577453491849,0.08764667313649917,0.0,0.0,6.304109408103084,0.0,0.41654354199999943
0.9604609378890406,0.7768668547416457,0.18814337949424426,0.07481582521927888,0.0,0.0,6.14277614763117,0.0,0.42298837500129594
0.8722450504085855,0.8724062766753319,0.20331229705404308,0.07480974925770645,0.0,0.0,5.811399312729065,0.0,0.30842800000027637
0.8706663369621921,0.7587589686134069,0.20266171715536666,0.08751220193931579,0.0,0.0,6.557608167664121,0.0,0.4254001250010333
0.9396130525776487,0.9121591293547926,0.20214673358317187,0.08741634207626305,0.0,0.0,5.523655940534217,0.0,0.4564329999993788
0.8689981210347567,0.8081369674443444,0.13966254633516084,0.07511157136448837,0.0,0.0,5.972447845160055,0.0,0.38903416600078344
0.9352001419661842,0.8770492234980755,0.18670519732702076,0.07817118878452804,0.0,0.1533890533251575,5.561123293988589,0.0,0.32883962499909103
0.9292110542140581,0.8761982558896212,0.1868432843928667,0.07816909874272741,0.0,0.0,5.528591116830708,0.0,0.33330883300004643
0.8919568607395824,0.8891479979467796,0.1714387894997811,0.08431030618725273,0.0,0.0,5.008637107368736,0.0,0.28707283300173003
0.8685754921488913,0.9332907731941962,0.15579105191905213,0.08738693300083203,0.0,0.0,5.5017476161707615,0.0,0.34700087500095833
0.8816958251426025,0.8831127320148427,0.1726187063951118,0.0873697678936871,0.0,0.1559460136778236,5.4919409500096545,0.0,0.38678100000106497
0.8682293922616017,0.9325798666689511,0.18707296449046185,0.08736740224315664,0.0,0.0,5.206932573309034,0.0,0.3578074580000248
0.8680579159234565,0.8539131171888668,0.15566720801860193,0.0873693919646691,0.0,0.0,6.269449807003086,0.0,0.3516007090001949
0.8896097944262847,0.9380378043502792,0.18707079308063868,0.08280074933714672,0.0,0.0,5.3468998667077985,0.0,0.41283033400031854
0.9083444349159697,0.9370764831869263,0.18714468351976601,0.08737498512567189,0.0,0.15364741839468832,5.845611898045725,0.0,0.3531643329988583
0.8800746063867386,0.9120792676940465,0.1792993568024814,0.08278227210391377,0.0,0.0,5.265552337850305,0.0,0.2935279580015049
0.8855734884310187,0.911780181402166,0.1793139725374882,0.08278131318784573,0.0,0.0,5.818387047313965,0.0,0.27943641700039734
0.903856500112813,0.9122012864971104,0.1793752607056546,0.08584741247267917,0.015042222234668688,0.0,8.189546406258712,0.0,0.2973280000005616
0.8800579123663372,0.916492715479597,0.1791056426459944,0.08277740990462905,0.0,0.0768779724523899,5.827372235572462,0.0,0.25704283400045824
0.8800035613913773,0.9164937293475334,0.16374450841544017,0.08277563247524075,0.0,0.0,5.4595792980843685,0.0,0.3203681249979127
0.8799868794813306,0.9165212032646306,0.17917457530245876,0.08276760249717866,0.0,0.07738210618276088,5.60335828405238,0.0,0.30932729199776077
0.8980260133707726,0.9003811107693048,0.21258503454928893,0.0851788498362421,0.0,0.0,5.770745923316725,0.0,0.25119858299876796
0.8979948262613232,0.8754597002829141,0.1675119509081636,0.08353191510028529,0.0,0.0,5.688630005791767,0.0,0.2795654170004127
0.8980767298639972,0.9004115019764969,0.21249697290203096,0.08344148394170851,0.0005903827445591656,0.0,4.0137693713492935,0.0,0.32444316699911724
0.8921302894600731,0.9136399951823907,0.2164678597261205,0.08266743646358518,0.0,0.0,5.312146577746277,0.0,0.2689824580011191
0.8921097776483602,0.913589955808986,0.21649587708836623,0.08266552268756165,0.0,0.0,5.165150897538015,0.0,0.2790842499998689
0.8960324914616374,0.913488912429417,0.26429715011206817,0.084524604062765,0.0007958954432899763,0.0,3.9461302308846817,0.0,0.327628666000237
0.8901914021085936,0.9260580513896925,0.268526009260096,0.0837081336593273,0.0,0.0,5.90357381697,0.0,0.2685810000002675
0.890105645005541,0.9261631498890666,0.2683943477637017,0.08530255461090444,0.0,0.03883438652843484,5.717391606643277,0.0,0.2814544159991783
0.8900968757945951,0.9007454385354456,0.2683585897383636,0.08529528455585218,0.0,0.0,6.094858777526468,0.0,0.2790417920004984
0.8901058238958904,0.9265602917043607,0.26829543089905794,0.0837605767100179,0.0,0.0,5.231759441825374,0.0,0.3137932499994349
0.9049970003155383,0.9352629915633033,0.24904775757461695,0.08317494474470216,0.0010326252257714626,0.0,4.8109477792686075,0.0,0.2700228329995298
0.9028109038239546,0.9005004718150765,0.3136005925064911,0.0834750667861706,0.0010612600013289847,0.0,4.181242193700089,0.0,0.3486572910005634
1.0,1.0,0.0,0.0,0.0,1.0,49.23298401973225,1.0,
0.6956805408000946,0.775300121307373,0.28936736583709716,0.29031493663787844,0.2944667339324951,0.6427445411682129,31.834782349892546,1.0,
0.8103800773620605,0.8245140790939331,0.19092721939086915,0.05814913511276246,0.04959679245948792,0.9902417182922363,10.650811728974693,1.0,
0.9066750288009644,0.6823410212993621,0.32551963329315187,0.35990958213806157,0.19838176965713503,0.8358546257019043,40.38410763181051,1.0,
0.7997880101203918,0.9175021648406982,0.030208295583724978,0.19168397188186648,0.34569246768951417,0.7818854451179504,22.657393726706367,1.0,
0.7316248893737793,0.6395785003900528,0.14833563566207886,0.12520208358764648,0.3764068603515625,0.6529951870441436,13.852854166442297,1.0,
0.9744479417800903,0.9606797218322753,0.24677271842956544,0.3200870037078858,0.1299689769744873,0.9053759336471557,23.31876704959773,1.0,
0.8707306861877442,0.7466271877288818,0.08678969144821168,0.024583360552787783,0.07874261736869813,0.8691624641418456,20.62195245396728,1.0,
0.6357201337814331,0.8536508798599243,0.38210406303405764,0.23008825778961184,0.2276225805282593,0.7232049226760864,28.91659163507649,1.0,
0.6109030306339264,0.6684157192707062,0.06087087392807007,0.3424870014190674,0.0012258272618055344,0.7663184642791748,5.105178618529264,1.0,
0.895915150642395,0.9316922664642334,0.35931024551391605,0.11217669248580933,0.25468924045562746,0.8139400005340576,11.726838248906859,1.0,
0.9992413997650147,0.7738943099975586,0.12432721853256226,0.20729801654815674,0.30358519554138186,0.962260103225708,12.475883369981867,1.0,
0.7064167618751526,0.8262426614761352,0.21963930130004883,0.037998211383819584,0.15236798524856568,0.6082199662923813,16.429747355219813,1.0,
0.7749724626541138,0.7041785717010498,0.3018289804458618,0.07947528958320618,0.11930677890777588,0.726174283027649,10.9499953099073,1.0,
0.9318579196929931,0.895592188835144,0.0033926434814929964,0.2721141576766968,0.374338698387146,0.8786748170852661,40.79974545014894,1.0,
0.8351719617843628,0.6096645660698413,0.26298506259918214,0.170749568939209,0.2231966018676758,0.9459551572799683,28.320160575026918,1.0,
0.6704740047454834,0.9901260375976563,0.16766991615295412,0.3777193546295166,0.07041069269180299,0.6999220550060272,16.35115780861359,1.0,
0.6592945635318755,0.6145984768867493,0.3732470512390137,0.01063281148672104,0.33487391471862793,0.8945397138595581,27.910060106377767,1.0,
0.8475232362747193,0.9856849193572998,0.07168413996696472,0.24094243049621583,0.18374711275100708,0.7470402359962464,11.39787849698771,1.0,
0.9445998668670654,0.7216078758239746,0.21174383163452148,0.13957947492599487,0.03253209292888642,0.6768084764480591,15.815334191631578,1.0,
0.7610586881637573,0.8786465406417847,0.10705820322036744,0.308878493309021,0.286099648475647,0.9307753801345825,10.383391353044408,1.0,
0.720239007472992,0.7503079891204834,0.014443732798099518,0.37364647388458255,0.24181098937988282,0.8096716403961182,28.508040963987433,1.0,
0.9865910053253174,0.8495313882827759,0.3160035848617554,0.18100683689117433,0.08912845253944397,0.7572931766510009,21.14689814394575,1.0,
0.8836554288864136,0.6573340058326721,0.1505532741546631,0.2761267185211182,0.1379020929336548,0.618125669658184,22.57491258582763,1.0,
0.6219909071922302,0.9424855232238769,0.2552419424057007,0.06915625929832458,0.3930267095565796,0.9640855312347412,10.202137810099165,1.0,
0.6471970736980438,0.729197883605957,0.17678327560424806,0.15655642747879028,0.16706558465957644,0.92136070728302,15.67142549994495,1.0,
0.8588631629943848,0.8705965280532837,0.27834694385528563,0.38872148990631106,0.31428587436676025,0.6737414479255676,31.61057202892071,1.0,
0.9614084959030151,0.6346445888280868,0.0378966361284256,0.09321640729904175,0.26318182945251467,0.7000157117843628,16.199963271855992,1.0,
0.7450549125671386,0.9651208400726319,0.34258148670196537,0.26144118309020997,0.018207740783691407,0.8540581464767456,21.61933894217462,1.0,
0.7862664103507996,0.6934227347373962,0.2359043598175049,0.22166819572448732,0.06015568971633911,0.9860978126525879,26.18708750579371,1.0,7.901442708000104
0.5917321981738936,0.0,0.8174477821579688,0.9365995008898217,0.0,0.04877465513562751,29.666575617258626,1.0,0.22579120799855446
0.5491105848824519,0.0,0.0,0.5695560594952022,0.680495422482845,0.0,51.7722942098994,1.0,0.24049366699910024
0.0,0.6647637974236213,0.07138112295946289,0.26727364555518707,0.826341804002547,0.3122550425447687,9.11266005054419,1.0,0.7158712079981342
0.4801269031758316,1.0,0.0,0.3337401352654991,0.0,0.0,78.03233319328015,1.0,0.507375208002486
0.0911397769034339,0.5679333463279288,0.06717462257993825,0.27858800099677644,1.0,0.8700165916935007,10.282721400525475,1.0,0.5437396660017839
0.0,0.6104838007342824,0.07477905693761314,0.2657664441816168,0.8366319239143487,0.5818265549031415,11.009223958579325,1.0,0.5793054589994426
1.0,0.7543510818803654,0.06205823827798162,0.3510752615649044,0.9325084343282738,1.0,9.086776533080872,1.0,0.5523907920032798
1.0,0.46361957915758106,0.051638358809908094,0.3166512464931446,0.0,1.0,6.538177516556635,1.0,0.7554048750025686
0.0,0.8449860508157578,0.07191176643310325,0.5457280314937876,0.0,1.0,33.16935675882788,1.0,0.5161092919988732
1.0,0.6715563329495153,0.06023184529488192,0.2651507224863601,0.0,0.9253524844804036,5.452726167486449,1.0,0.6110892920005426
1.0,0.6200357346051171,0.06170943272337647,0.28947362047458436,0.2718373866088245,0.6147230235017945,8.60834259927119,1.0,0.6400181249991874
0.23822641073161943,0.6642554734922758,0.05567605918659455,0.282329286535612,0.0,1.0,12.513445126528788,1.0,0.7589870000010706
1.0,0.9364800252258813,0.10281083555973959,0.20564876669834795,1.0,0.4624178053632592,8.74354267329375,1.0,0.7377604590001283
1.0,0.6885468539773126,0.07198963207841778,0.25272223961411383,0.8778820106618823,0.7555261235707795,8.556347141062473,1.0,1.093251499998587
0.0,1.0,0.10142534178176586,0.18656783101104,1.0,0.6297505884409944,9.677151109340688,1.0,0.49482370799887576
0.0,0.8461367378032271,0.10098410950736171,0.15899611913161177,0.0,0.17675029672043396,35.47647946144904,1.0,0.5368564999989758
1.0,0.5772364193957912,0.06492210177448865,0.30078447090642507,0.2707289555427426,0.8638705347471078,10.037698981601851,1.0,0.4749333330000809
1.0,0.8644802167588399,0.08065985682106144,0.24287767769735988,0.5799698479793306,1.0,8.994404928361616,1.0,0.5874787909997394
1.0,0.4675325355898448,0.05255976059315395,0.25493219549081747,0.0,0.8000738122021707,6.483625029655583,1.0,0.4964357079988986
1.0,0.8785027031187762,0.08184261105409713,0.34675508946546063,0.602479378248387,0.6735750963889842,8.785185364046884,1.0,0.5617247499976656
1.0,0.4562748028610853,0.04691726434699789,0.27232478799033044,0.6083358966010687,0.7984553978169884,9.073494902487758,1.0,0.5632526250010415
1.0,0.45567904040562723,0.04627165916970459,0.23498258796636007,0.0,1.0,6.9210509822257755,1.0,0.7150841250004305
1.0,0.6165500326317015,0.05140732447288508,0.30119206476968075,0.0,0.8667774061492287,5.590028089293067,1.0,0.567900957998063
0.7559204288849282,0.6282048587483419,0.052690099537703865,0.2949814889362938,0.0,1.0,6.177617552303922,1.0,0.5938084580011491
0.6512340176879611,0.6568047879958587,0.055634702650579154,0.297478484119295,0.30937798665171723,0.7518233952346658,8.95265452064054,1.0,0.6208207919989945
0.8989166727594375,0.7497862705672249,0.06844200445076479,0.3474925312390896,0.0,0.8565585767239593,5.22677963784572,1.0,0.7035303749980812
0.8220114065870648,0.6458236360094389,0.06241385765527413,0.3385531672911119,0.0,0.6780972285388258,5.452046914754781,1.0,0.6391261669996311
0.9008843419411932,0.7337642251985951,0.06021995092916791,0.33378396810645833,0.0,0.9125994406064788,5.088205001210936,1.0,0.6958088329993188
0.7247140583775026,0.6986291035739299,0.06355348286618111,0.3486044491263901,0.0,0.9085667703906338,6.6221666167272035,1.0,0.5956285419997585
1.0,0.7327821891939149,0.06119436142620885,0.3316361491077861,0.0,0.8002853594864063,6.33661114949783,1.0,0.4597920830019575
1.0,0.8615053867676565,0.07056568009266422,0.3225908037945611,0.0,1.0,5.979189139394207,1.0,0.6400302499969257
0.8107949040434148,0.603685003474806,0.056557233995648167,0.32625170030358985,0.0,0.7588595697918288,5.214098511530726,1.0,0.6664178749997518
0.8257108409756262,0.6534395009939357,0.061073054968065775,0.3084466429619051,0.0,0.7877824018698143,5.640974297427695,1.0,0.6217690419980499
0.8144255545850281,0.6020747411714662,0.05804937044767249,0.37263176906106005,0.0,0.695009415685006,6.8019348876705985,1.0,0.7129238750021614
1.0,0.7104900775769758,0.05697873156765971,0.30697083923375246,0.0,1.0,5.259665663935664,1.0,0.46276325000144425
1.0,0.7221900329951979,0.06457122857788261,0.30730292008929183,0.0,1.0,6.054157066125906,1.0,0.5514157500001602
0.7886588215643543,0.7659101482752293,0.06276948940614276,0.3249297041850891,0.0,0.8030446809733774,6.2582833186509665,1.0,0.44364458400013973
1.0,0.6732811352552247,0.055140092703023655,0.3077096772397457,0.0,1.0,5.871852250494272,1.0,0.4873009170005389
1.0,0.8000287804251485,0.06029968098491763,0.3598923084574818,0.0,1.0,5.958373908972878,1.0,0.39899666700148373
0.8520293369408489,0.665820214337876,0.05654410530083331,0.31589810579087396,0.0,0.8257951030706155,5.021622619306888,1.0,0.46686529200087534
0.7322398514003227,0.5977515059112021,0.05591909263079902,0.30551914184635975,0.0,0.7159972425060669,5.746028374630753,1.0,0.48213112500161515
0.8335238566469069,0.5977300772606496,0.05402133020358596,0.3196209806424948,0.0,0.8407780490385991,8.395369950227664,1.0,0.4580255830005626
0.9894308832717656,0.7313604205813774,0.06141439152593537,0.3432837675217085,0.0,0.7142169474795826,6.462897331304648,1.0,0.3272019169999112
0.9866884771054567,0.731552744886632,0.05465469540335353,0.28840226865008983,0.0,0.9377975677463867,7.2211951451216985,1.0,0.5147140420012875
0.9860684971474538,0.6556096565608024,0.06150193145106478,0.34332936374260176,0.0,0.9408679734449122,4.853009356531671,1.0,0.3566326659965853
1.0,0.701155942363,0.06647041186075738,0.3708268834431855,0.0,1.0,6.116354979164991,1.0,0.41889637499843957
1.0,0.6513707262305114,0.06644944490918016,0.32413739707926686,0.0,0.8254194309647552,6.299040679487141,1.0,0.43265270800111466
0.8524674231823451,0.7207275064098965,0.06643008572200679,0.3171683117003509,0.0,1.0,5.508804520866669,1.0,0.27456637500290526
1.0,0.6710597223834177,0.056562057454626516,0.3708150267158467,0.0,1.0,5.2495179770532125,1.0,0.38583645800099475
0.8619538313152884,0.7193295682580545,0.06074167608805949,0.3463495216062685,0.0,1.0,5.2588521253858005,1.0,0.4429937079985393
1.0,0.6738552324593895,0.056557247741560214,0.37091823767191845,0.0,1.0,5.296110944391055,1.0,0.4468127910004114
1.0,0.6604209071195303,0.05903752564840241,0.33624400072852345,0.0,1.0,5.759820305381518,1.0,0.3813452499998675
0.9217792247399541,0.6872112858387713,0.060459891400681844,0.34273159299284306,0.0,1.0,7.295239967807458,1.0,0.37191858300138847
1.0,0.6882122572162129,0.06394998516624428,0.3573527140363901,0.0,0.8828577093447835,5.783902035029968,1.0,0.20261137499983306
1.0,0.6882194887419566,0.05905793810577782,0.35735637936138326,0.0,0.8823811563519942,5.900408446090874,1.0,0.29035345900047105
1.0,0.6229442474675941,0.06394099590489943,0.3292860824506413,0.0,0.9999275430576356,6.193551687782295,1.0,0.25836141599938856
1.0,0.6229541343251873,0.05906318739054278,0.35734774084732174,0.0,0.8815312876229633,5.15262993586372,1.0,0.3112522910014377
1.0,0.6719828330983655,0.060281616486499656,0.33634558421351735,0.0,0.9115203375898843,5.748930956408887,1.0,0.21740191699791467
1.0,0.6392011814124668,0.06272055309130972,0.35031619534335806,0.0,0.9113263632654516,5.728717811711528,1.0,0.32066520799708087
1.0,0.6720334084766889,0.06028354895752637,0.3363431859159242,0.0,0.9112673710839325,5.3551278553925155,1.0,0.3010817499998666
1.0,0.6719954004580724,0.06028264390459825,0.3363422733741616,0.0,0.9704938617516649,7.878594919562376,1.0,0.24658549999730894
0.9545926331935572,0.6389408979046799,0.062718370956915,0.350324627607634,0.0,0.911683620121687,6.141027796986842,1.0,0.3190509169980942
0.9546849481341164,0.6722341598969128,0.06028629974300109,0.3503224589960991,0.0,0.9115006104202027,5.83253834596777,1.0,0.24355720799940173
1.0,0.647287697220814,0.06210889946226107,0.34682505878017045,0.0,0.955624037594071,6.234818302270337,1.0,0.33234583400189877
1.0,0.6472953150767446,0.06089519822422749,0.3468241871677516,0.0,0.9260441318165099,6.419617522140809,1.0,0.31804299999930663
0.9705866673451721,0.6472904518899988,0.06210752560229229,0.3398334170526165,0.0,0.9557996822625979,6.698389713417102,1.0,0.3818069999979343
1.0,0.6638996544456074,0.060895412152240314,0.33983854812835096,0.0,0.9259317316531226,5.753944822200054,1.0,0.32684895799684455
1.0,0.6638957333396039,0.060895312000844956,0.3468184862125609,0.0,0.9258915327159195,5.771380504777254,1.0,0.3537263329999405
1.0,0.6638927576579642,0.06089517061894982,0.33984283479895183,0.0,0.9258496144104915,7.051074758071146,1.0,0.27147812499970314
0.0,1.0,0.0,0.0,1.0,0.13683623523362023,34.9360215639904,2.0,
0.09868679642677308,0.9027695655822754,0.11615705490112305,0.17842944860458376,0.6186065837740898,0.25173161147638284,8.877888427758231,2.0,
0.2960350751876831,0.7796391367912292,0.3063335657119751,0.3250216245651245,0.8930896043777465,0.29365047174089687,34.7003393045469,2.0,
0.3740926504135132,0.8714128017425538,0.0838263213634491,0.08156996965408325,0.9879876136779785,0.48492077269646,14.173100348308811,2.0,
0.17064166069030762,0.647714638710022,0.29372878074645997,0.23441178798675538,0.7128214359283447,0.04034198212245757,33.74809201125925,2.0,
0.1068163275718689,0.8242693901062011,0.3602523565292359,0.27367558479309084,0.7547110915184021,0.17954333045550389,32.499772464563236,2.0,
0.3093899726867676,0.6948584794998169,0.1638008713722229,0.020443192124366762,0.930423378944397,0.33890534051699894,23.38210690871518,2.0,
0.23144087791442872,0.9562120914459229,0.23983478546142578,0.3642734527587891,0.8260054111480712,0.4249971554435142,24.719999158554515,2.0,
0.03477776050567627,0.7261970162391662,0.03615772128105164,0.11729060411453247,0.6513669073581695,0.13139330469114938,18.520218544679388,2.0,
0.007853500545024872,0.8945452690124511,0.20137393474578857,0.037339577078819276,0.8689040422439576,0.024060905793420184,18.804853164706408,2.0,
0.21147491931915285,0.6246069669723511,0.023019590973854066,0.28413002490997313,0.6443508386611938,0.5357544171133186,21.257989123233386,2.0,
0.3332350015640259,0.9264880657196045,0.3985362529754639,0.12793108224868774,0.749599277973175,0.3109973192267843,15.202154455124791,2.0,
0.13610539436340333,0.7559454321861268,0.17701839208602907,0.38097116947174076,0.9746404170989991,0.20196373821637426,25.93445184428993,2.0,
0.19757477045059205,0.9793931007385254,0.06910119056701661,0.3171101570129395,0.9077293634414673,0.08163560677386776,10.99746737659455,2.0,
0.3940192222595215,0.7030400395393371,0.2537297487258911,0.1636794924736023,0.782087254524231,0.4423336995949423,22.680242949648424,2.0,
0.2721750736236572,0.848036241531372,0.13091275691986085,0.22025666236877442,0.6864564299583436,0.38972855360766584,11.65574818632065,2.0,
0.0694309949874878,0.6711156606674195,0.3462044715881348,0.07307554483413696,0.8112199783325196,0.16327230147746105,11.12255097577881,2.0,
0.05847758650779725,0.8372677564620972,0.01013665497303009,0.3570732593536377,0.7122862100601196,0.4545564620694762,35.91492303573238,2.0,
0.2612445116043091,0.6576424956321716,0.2127340078353882,0.11047693490982056,0.9869611024856567,0.09385632938016629,15.475834997453317,2.0,
0.38310225009918214,0.9932155847549439,0.18992912769317627,0.2539271354675293,0.8820044517517089,0.150918603460667,15.521831156142404,2.0,
0.18663183450698853,0.7134134292602539,0.3872520446777344,0.0010805018246173859,0.6062550000846386,0.3773769034585904,46.04373121897408,2.0,
0.14702699184417725,0.9399688005447387,0.266628098487854,0.08994146585464478,0.6737771332263947,0.5144882707932965,8.970045186751623,2.0,
0.3441794395446778,0.7666605472564697,0.05780497193336487,0.24317877292633058,0.8489069223403931,0.002796803341375053,10.997243485924871,2.0,
0.22243294715881348,0.8842162847518921,0.33333392143249513,0.19935034513473512,0.9446335315704346,0.2230986930106714,23.237996558968458,2.0,
0.018785560131073,0.6106943242251873,0.1422848343849182,0.34633724689483647,0.7701876759529114,0.33213022615336285,25.956444772584046,2.0,
0.048843958973884584,0.9665922880172729,0.3199889421463013,0.20206737518310547,0.9502763032913208,0.36003824744357743,20.89763184995331,2.0,
0.24548423290252686,0.7400615215301514,0.10400623083114624,0.05527868866920471,0.7255251288414002,0.200678285249801,13.412226108530406,2.0,
0.32344415187835696,0.8108396768569947,0.28005247116088866,0.3114698886871338,0.6305305480957031,0.11012920623884587,31.2225496510367,2.0,
0.12089647054672242,0.6840953707695008,0.09590662717819215,0.1584308981895447,0.8561610698699951,0.4037310091234921,9.799327896991722,2.0,
0.1565828561782837,0.857543683052063,0.15011253356933596,0.14416705369949342,0.8137090921401977,0.2812988215918214,9.632081173802465,2.0,8.468745709000359
0.824239011152955,0.2495334150594375,0.10197340069719116,0.7101937384034596,0.0,1.0,21.913285515417083,2.0,0.22193170899845427
0.6425045387913058,0.4266881994803962,0.03612150611407522,0.6090616073964212,0.0,0.9782205432775068,5.728825891707036,2.0,0.3233860839973204
1.0,0.41478420423961215,0.041247682566343355,1.0,0.2548144249740369,1.0,10.06187223131924,2.0,0.2657098749987199
0.0,0.398550042663394,0.032623957279555235,0.0,0.0,0.9946061415799302,6.716546868393281,2.0,0.5938750829991477
1.0,0.44405721707202045,0.028484712830603776,0.5848487364299183,0.0,1.0,29.955339761102856,2.0,1.2785960000001069
0.3570319133499152,0.41088570790323264,0.04402732614624929,0.6257875736046864,0.1233081422331794,0.9466829642664668,10.413479645207135,2.0,1.169823374999396
0.167019057908374,0.33653619543604224,0.039517626707051855,1.0,1.0,1.0,12.550574754612636,2.0,0.5454504170011205
0.18206715946412055,0.5043803269349946,0.04598789258513713,0.0,0.0,1.0,24.200136407173023,2.0,0.8600757499989413
0.29627522906222326,0.39823260663392385,0.04145575802947475,0.0,0.0,0.0,28.23318412318051,2.0,0.5037341249990277
0.22842746846011952,0.032679453930006264,0.0,1.0,0.5053664770352437,0.9479897042302341,45.37574545654159,2.0,0.15705566599717713
0.8615357605549657,0.25789642510131594,0.0,0.8529376695995204,0.0,1.0,66.52900865794136,2.0,0.2827381669994793
0.20787114594130024,0.4436404573086354,0.2499816725798065,0.7514122859983396,0.21154962261809623,0.45697245014934,53.5535658988769,2.0,0.27167104199907044
0.5870041881120825,0.2998285501789265,0.0,0.6244859940744101,0.0,1.0,74.9087747741771,2.0,0.5201925829969696
0.19448674026915475,0.8746675243858186,0.14520490000807826,0.5944977117222401,0.44801779854926577,0.5302027456907286,20.11289464642357,2.0,0.26198179100174457
0.05340976192164948,0.43742306058449454,0.08797635759115859,0.6178489830517574,0.5890950399889417,0.3891267529456707,26.335907041850525,2.0,0.370402374999685
1.0,0.41655961130153984,0.0,0.6187273843505113,0.0,1.0,59.05341098123041,2.0,0.2490198329978739
0.31215352434214677,0.4845272320956142,0.08044106377262239,0.598251251333874,0.3305095347333545,0.6477110593154312,20.53021932822053,2.0,0.3301584590008133
0.40989622956387195,0.48195650237097376,0.07330522671524452,0.5969146994568495,0.41538180410785297,0.5636173954562853,18.797572998991164,2.0,0.2619952499990177
0.49505620342723067,0.4864380096715631,0.038045540943170544,0.7837394235615149,0.0,1.0,7.005598079430771,2.0,0.9132541670005594
0.5248503506274917,0.0,0.03601014470222208,0.0,0.07592215246028415,1.0,19.95372622486343,2.0,0.41483804100062116
0.40286627471690317,0.4533349223152541,0.03731387839380276,0.573326427784072,0.23963826407440258,1.0,9.61586656395517,2.0,0.3371520420005254
0.6810677681050014,0.7111544840720958,0.036477088961866945,0.6585625450930263,0.28446628459169965,0.6937542586858072,14.374345689487397,2.0,0.4894559999993362
0.6516867017286415,0.3872477648575352,0.03769194976654497,0.6746247578106441,0.3416421858968609,1.0,9.819763253749075,2.0,0.5423767499996757
0.5484442582202704,0.4319861114308274,0.0,0.6945003725101934,0.0,1.0,75.76838723372369,2.0,0.20708091699998477
0.4632941949470333,0.24747785563612376,0.03705557313349479,0.5928428526999326,0.0,0.7990216746547847,9.188208996182409,2.0,0.4198047909994784
0.8236461267066868,0.24554661156501514,0.03702930994076889,0.5930726662769986,0.0,0.7971050688703545,8.598074718127565,2.0,0.487796540997806
0.5949308312572835,0.4568974311198684,0.07584328887876142,0.6020867635060184,0.0,1.0,13.632071125581637,2.0,0.2966762079995533
0.5466834529590134,0.455451654504585,0.10863931795117777,0.6082205647372745,0.0,0.8612494066881291,18.17853955529985,2.0,0.2233341669998481
0.6829588809022481,0.40393105606091223,0.004757043159421416,0.6023621749326256,0.0,1.0,67.89674922970987,2.0,0.30348979200061876
0.6177383870435998,0.3992570589310666,0.03677603112115525,0.6350210417991692,0.0,1.0,6.846881955070527,2.0,0.5047730829974171
0.6817254494856552,0.45176041007184387,0.0,0.5989277780618103,0.0,1.0,68.56402839979937,2.0,0.24991216600028565
0.5727817277511321,0.7097846881602241,0.03696828332929446,0.5158177477142016,0.2831482228884664,0.978773800936607,14.614731374720602,2.0,0.4088139580017014
0.6235603238129428,0.44239117238058195,0.03649460354620117,0.5974462712480005,0.0,0.904555162870655,6.077295590637361,2.0,0.4043185419977817
0.6215333963759908,0.44038783798816467,0.05758732475283762,0.6012511662334248,0.0,1.0,8.822921334967946,2.0,0.35189012499904493
0.6572371370232938,0.41628818896485525,0.02316590748519602,0.6179136123951134,0.0,1.0,7.772411579908709,2.0,0.22915508299774956
0.6570091821875801,0.41715269768273433,0.023250995252944297,0.617648803295306,0.0,0.999349977423785,8.741935113029655,2.0,0.22059420900041005
0.6573633837544293,0.4180629208377115,0.024511882185728556,0.6176552535941202,0.0,0.9988551011274291,8.048744175915832,2.0,0.34684954099793686
0.6568145493295974,0.41782014524319744,0.02526506262906196,0.6186412894209945,0.0,0.9970981026118981,8.631967214818932,2.0,0.3651252919989929
0.6494662323242401,0.42208810920116235,0.03088324622526688,0.6142250215980244,0.0,0.9870682887471208,6.190818453624663,2.0,0.32430520900015836
0.6492487350158545,0.42181210073205805,0.03100316020130711,0.6145969624421826,0.0,0.986460127848096,6.619423290558007,2.0,0.36971895799797494
0.6492067439609851,0.421800677854783,0.031083904250939678,0.6147327512835956,0.0,0.9862572575288998,6.097931532437019,2.0,0.314816250000149
0.6492696849683282,0.42199354762452074,0.031217285057183207,0.6148202169334367,0.0,0.9862654962535893,6.0460593297589105,2.0,0.2618529999999737
0.649165498942267,0.421862751180092,0.031215012600742175,0.6149790530492628,0.0,0.9859620360223889,9.17443431069712,2.0,0.24284474999876693
0.6491299883254845,0.4218600930664714,0.0312427061980377,0.6150642450111821,0.0,0.9858454470858777,5.222062376563153,2.0,0.33007829200141714
0.6557101700229043,0.4170266587385172,0.026392572896173194,0.6211703434649685,0.0,0.9933320516398989,11.204313969914544,2.0,0.3350616249990708
0.6556591338557817,0.41698394330446303,0.02638332891753501,0.6212133871956138,0.0,0.9932315320730436,7.8493906472923465,2.0,0.2501088749995688
0.6556173312149005,0.4169673049943843,0.026383003703943586,0.6212958796321907,0.0,0.9930985986313438,7.806381131687459,2.0,0.2584994579992781
0.6555890708406087,0.41699083902366524,0.026417257305200104,0.6213892813673938,0.0,0.9930072029243907,7.323429806093792,2.0,0.38924291700095637
0.655591397073944,0.41709546254083085,0.026521263537316958,0.6215382835417468,0.0,0.9929751884171161,7.955098073154134,2.0,0.3529311249985767
0.6554837744409845,0.4169096727038638,0.026347322343810202,0.6215203437580413,0.0,0.9927033743646327,7.890734892908043,2.0,0.2903118750000431
1.0,1.0,0.009735432892002089,0.0,0.0,0.0,42.24958163197697,3.0,
0.7720524191856384,0.9758166790008544,0.36177722251053895,0.20970439910888672,0.016272814571857454,0.018420594930648803,18.299467816356774,3.0,
0.866022491455078,0.6691560328006744,0.10589415725474507,0.04873263239860535,0.34612877368927003,0.2922928094863892,12.885329725446397,3.0,
0.9351128816604615,0.8223364114761352,0.27597466721952807,0.3075776815414429,0.2565286874771118,0.32224578857421876,30.14580738559014,3.0,
0.6283497929573059,0.7289844751358032,0.01968833603986244,0.14665632247924806,0.18087290525436403,0.1982908606529236,24.897632789724046,3.0,
0.6932118177413941,0.8739975214004516,0.19749076636922083,0.15296168327331544,0.14206537008285522,0.09368175268173218,12.47730653126379,3.0,
0.9999748706817627,0.7806429147720337,0.3509432948123646,0.388870644569397,0.22033929824829102,0.21747798919677735,38.93829401314934,3.0,
0.8058725118637085,0.9274755001068116,0.08483085349197292,0.05474426150321961,0.38230266571044924,0.3968897104263306,18.149376401218674,3.0,
0.711902379989624,0.6208182841539382,0.2386803820549956,0.29070363044738773,0.0551020085811615,0.1232006072998047,33.237217679262145,3.0,
0.7475528001785279,0.845764946937561,0.05848042616046586,0.36024644374847414,0.31226861476898193,0.1666062593460083,10.558039317099652,3.0,
0.8409377574920655,0.7024255871772767,0.21232975324087536,0.1992884159088135,0.025326743721961975,0.34137883186340334,20.86709953309161,3.0,
0.9594419479370118,0.9554960250854492,0.17114189594881551,0.2568524837493897,0.16502448320388796,0.2739653825759888,14.47685828203114,3.0,
0.6536547124385833,0.6988479495048523,0.32459422901487983,0.09594180583953858,0.2975708723068237,0.04929948449134827,15.156532706450912,3.0,
0.618492478132248,0.9040294647216797,0.303931246782337,0.002136540785431862,0.23649768829345705,0.14158979654312134,44.735003671780525,3.0,
0.92427978515625,0.6473840653896331,0.047644715646441654,0.23805923461914064,0.10110069513320924,0.3660481691360474,10.72805045416852,3.0,
0.8807631254196167,0.8943022012710571,0.38973223905671245,0.10577688217163086,0.08923497796058655,0.24907631874084474,11.649826086775134,3.0,
0.7873782038688659,0.7509594082832336,0.1338489784238391,0.3417469263076782,0.37336339950561526,0.0745356798171997,18.680517764423783,3.0,
0.7876143097877503,0.8856953620910644,0.2281234502111907,0.0697899341583252,0.19028539657592775,0.35031702518463137,10.029636049210312,3.0,
0.8942294120788574,0.7658148884773255,0.07467393790171072,0.2838855504989624,0.27211766242980956,0.12642036676406862,8.67366650653649,3.0,
0.9007282018661499,0.9126343488693237,0.30872584915595036,0.1723026990890503,0.3368154048919678,0.05901662707328797,18.432415639452266,3.0,
0.6065154932439327,0.6325274288654327,0.15487309076558325,0.38635096549987796,0.0005876541137695313,0.23299593925476075,7.440698626378914,3.0,
0.6713407754898071,0.9641012907028198,0.038278411724715786,0.3179361343383789,0.06451117992401123,0.3250802516937256,19.855421660046584,3.0,
0.9655535221099854,0.6839909434318543,0.2941646884912529,0.12890026569366456,0.39788887500762943,0.1513084650039673,20.391577775541847,3.0,
0.8340670585632324,0.837158489227295,0.1433404946313481,0.2149832010269165,0.2110231637954712,0.03434825837612152,13.190200977541144,3.0,
0.7274520397186279,0.7172806859016418,0.3996237898343653,0.02589998543262482,0.12637689113616943,0.25801298618316654,18.977709898360025,3.0,
0.713089919090271,0.9423323392868042,0.11528383315959839,0.11885573863983155,0.2819849491119385,0.20210695266723633,10.319024589785231,3.0,
0.8191197872161865,0.6122128218412399,0.37156732373969503,0.33294067382812503,0.15561504364013673,0.07735875248908997,44.11724079289112,3.0,
0.9750324964523316,0.8591426372528076,0.010223307164067831,0.023420043289661407,0.04101495444774628,0.10732145309448243,18.189106246526595,3.0,
0.6817955553531647,0.7892495632171631,0.2661097854132181,0.23745458126068117,0.3215850353240967,0.3819628953933716,26.15972315573203,3.0,
0.6466454833745956,0.8074811458587646,0.3351762668133922,0.26836912631988524,0.35777413845062256,0.27719662189483646,31.728711437998562,3.0,13.275505542002065
0.518005065682513,0.6279127539564326,0.0,0.40859987681702464,0.0,0.3692088667502699,75.04536696171073,3.0,0.43104616699929466
0.4368722472792401,0.21644833503674682,0.9083899479952369,0.6839066270307826,0.34344838165295966,0.9878596481037119,73.82988181415874,3.0,0.21079100000133622
0.624238490693154,0.5487527024122758,0.6494259184497474,0.27598170514386217,0.0,0.0,27.0210739393719,3.0,0.4056472500014934
0.6272341237420214,0.6043305494892405,0.1017090496212275,0.39479211236905315,0.0,0.0,14.417994991063003,3.0,0.7178539170017757
0.6266298751401637,0.6501348469196987,1.0,0.942184089923227,0.0,1.0,34.052954416803686,3.0,0.6321571250009583
0.6262413197319857,0.5536087129467012,0.0,0.0,1.0,1.0,33.16363792949805,3.0,0.34524899999814807
0.6356478534967399,0.6165829521610031,0.0,1.0,0.0,0.0,69.26472862736695,3.0,0.4769044170025154
0.0,0.0,0.12820820515793868,0.3185611358628734,0.0,1.0,10.548113851354147,3.0,0.42531262500051525
0.0,1.0,0.15107703743353867,0.4538124427810477,0.0,1.0,37.562943913007814,3.0,0.37456775000100606
1.0,0.0,0.11987199775057493,0.3302298626615724,0.0,0.0,37.58897242168865,3.0,0.42227195799932815
0.8041152889195116,1.0,0.09890337253434173,0.2782033791697971,0.0,1.0,6.790014806256757,3.0,0.6120773340007872
1.0,1.0,0.07601447218316155,0.23439182866300512,0.0,0.31119528641271027,6.027741690181582,3.0,0.8091766249999637
0.9405784825315029,1.0,0.08117437762536613,0.23758803197634784,1.0,1.0,10.628527944950488,3.0,0.5980644580013177
1.0,0.7987275499221664,0.04303595364305206,0.1829928264055632,0.0,0.199525697310608,12.1345985594453,3.0,0.5502057089979644
0.7586048315356481,1.0,0.08840658944085517,0.2727678145727716,0.0,0.0,6.726232795699761,3.0,0.5670783749992552
0.9084102190805692,1.0,0.040446995581075354,0.2961888228930731,0.0,0.0,10.582118028174659,3.0,0.5358843750000233
0.9314038562718124,0.9562378152127662,0.08314747538746783,0.31070984522026474,0.0,0.0,6.250689887637048,3.0,0.5415335840007174
0.8323924797988129,0.9139698043678448,0.08060707140223887,0.24863222021331935,0.0,0.3047187305450616,6.430659466948912,3.0,0.9233918749996519
0.9035386705402172,1.0,0.1095435475795711,0.21674319043419726,0.0,0.0,8.194449876739492,3.0,0.45033512499867356
1.0,1.0,0.07413931094212273,0.3097430850654454,0.0,1.0,5.575833885147733,3.0,0.48527479100084747
0.9253653312485783,1.0,0.07700343232836003,0.2847875099320296,0.0,0.48754814569934096,5.829240923999024,3.0,0.7957405000015569
1.0,0.9043829560989142,0.063236890692795,0.3219702411646145,0.0,1.0,6.33331073036489,3.0,0.5637556250003399
1.0,1.0,0.06393141719837811,0.39024157087335365,0.0,0.0,5.445304014394854,3.0,0.6095252499981143
1.0,0.9383478075503446,0.05689782531656494,0.3740849348568103,1.0,0.0,12.930622489718592,3.0,0.5051445000026433
0.876764625254167,1.0,0.08595820346213823,0.4751731974406878,0.0,1.0,7.38109297983609,3.0,0.36404195899740444
0.849902582424477,0.9073447098001415,0.07902255461691873,0.3660492494392067,0.0,1.0,7.09164189249683,3.0,0.5252369579975493
0.849131621613592,1.0,0.08086370584236229,0.4192704830888792,0.0,0.0,6.935288902778658,3.0,0.6681322080003156
1.0,1.0,0.05448125078025161,0.47439956286212176,0.0,1.0,6.559832484847703,3.0,0.7082531250016473
1.0,1.0,0.07539657176639514,0.40985429670837215,0.0,0.7367400767605038,5.839752680747838,3.0,0.5832703749983921
1.0,1.0,0.06633374587339261,0.33223185539917566,0.0,0.35234290088271797,6.073962275975816,3.0,0.46251966600175365
1.0,0.9576615415871048,0.062264102423408824,0.44324370158151194,0.0,0.0,5.647109069875185,3.0,0.48309820799840963
1.0,1.0,0.06537783180446798,0.44537529274012516,0.0,0.0,6.115227366884281,3.0,0.4151103329968464
0.928067279567562,0.9552048921698298,0.060189830829376414,0.3933127419584745,0.0,0.0,5.245419019431082,3.0,0.4077369579972583
1.0,0.9106609456042629,0.05639122443034228,0.37851263736939167,0.0,0.0,6.267050796977414,3.0,0.42868662500040955
0.9727062831004795,0.9574059802474056,0.0615632730567591,0.41693888940354057,0.0,0.5705498098824077,6.795629377970147,3.0,0.49399450000055367
0.8454770215715229,0.9111046304135816,0.07068432070721502,0.3495821225005618,0.0,0.0,6.384587181524158,3.0,0.4702271669993934
1.0,0.975780883649551,0.04569207079618717,0.44991146536208665,0.0,0.0,7.297356554244231,3.0,0.4282038339988503
0.9542690893521638,0.9697249183200441,0.06558600378389036,0.36779094711195454,0.0,0.0,5.8132361000458594,3.0,0.6129811669998162
0.9082639027673921,0.9102413557811103,0.06479005212652232,0.44826612203727495,0.0,0.0,5.369984307222666,3.0,0.4927585410005122
0.9206727591330044,0.9326290201268749,0.06394209655483121,0.4200373640444306,0.0,0.0,5.1894150852186804,3.0,0.37559083399901283
0.8726900297477634,0.9536841565587706,0.060996198158556614,0.44632036425223476,0.0,0.0,5.625057463015013,3.0,0.4898278330001631
0.9209615631587108,0.9222370967524836,0.05869977574448447,0.4272117273851086,0.0,0.0,5.821074252792758,3.0,0.4554247080013738
0.858760406906017,0.9168516586676149,0.0704103028503403,0.4401919359978188,0.0,0.0,6.629431377965147,3.0,0.4330115000011574
0.9639069526065419,0.9096536863743785,0.0677861766232067,0.4494116539207445,0.0,0.0,5.722923116789763,3.0,0.39843199999813805
0.9307658707778397,0.9558391091086278,0.06347203635751969,0.4488937725544243,0.0,0.0,5.782777669261167,3.0,0.5253416249979637
0.9701526961856751,0.9094796548119594,0.06852189864939456,0.3919042530739822,0.0,0.0,4.967986581863375,3.0,0.4986373330029892
1.0,0.8870196976884306,0.07534584715907389,0.3631832121083478,0.0,0.2707566834267864,6.638181031266402,3.0,0.26911083300001337
0.9361321591288322,0.8862806112563504,0.06480067347363323,0.39941321414149944,0.0,0.0,4.751137403861904,3.0,0.489007500000298
0.9532974414212997,0.862604105639726,0.06447979848245017,0.4100451463312751,0.0,0.0,5.6181647495203215,3.0,0.619136665998667
0.906964866606698,0.8624935203894165,0.06473254978061738,0.3708950524115972,0.0,0.0,5.570131998315329,3.0,0.5073295830006828
0.9278523662619504,0.8749945245010171,0.06471745357715525,0.39976740353650625,0.0,0.26751836610233837,4.85740439439385,3.0,0.40273687499939115
0.9205435062606837,0.877791465483428,0.06378669960844148,0.371940151866666,0.0,0.27245803445813016,5.98680100515156,3.0,0.5027861250018759
0.9883398310757726,0.8623872412767724,0.06509939062641695,0.4254304459682953,0.0,0.26664451872061656,5.612947478308879,3.0,0.4491064579997328
0.9074560734558041,0.8622876920637448,0.07117918803268854,0.41529813490646283,0.0,0.26532840260221907,5.4866024929751465,3.0,0.5691014580006595
0.9374401064311264,0.8973339096385798,0.06614042789470642,0.40653887957903834,0.0,0.0,4.890236779069478,3.0,0.4861468329982017
0.9380628438014402,0.8973265881273437,0.06602627559323256,0.40647205785124424,0.0,0.0,4.929311018112554,3.0,0.5449925840002834
0.9389541125295795,0.89740589411806,0.0659207954456635,0.4063994933243363,0.0,0.0,6.0249083044888865,3.0,0.4761134580003272
0.9108278687690547,0.8740410974250189,0.06135871587110445,0.4126794958681917,0.0,0.0,5.68501693832876,3.0,0.36492920800083084
0.9338916940291895,0.8740339579930594,0.06819508559953147,0.4097399306215461,0.13089055583480785,0.0,9.763279411208188,3.0,0.36122945899842307
0.9405922486309957,0.8860543636481638,0.06613422734862621,0.22442846483622803,0.0026126789262219834,0.0,4.644552810740574,3.0,0.4065731659975427
0.9414575734573457,0.9062076645704045,0.06626867684280054,0.05163126303535495,0.005367599126469145,0.0,9.122007120906723,3.0,0.4326514580025105
0.9456938897652531,0.8955705616057206,0.06616683320565203,0.28379064948113375,0.0060763262164860166,0.0,7.724797421227526,3.0,0.459581667000748
0.9344968285151883,0.8704711722913658,0.07060205428790386,0.2097417711729697,0.0,0.0,6.151860205962668,3.0,0.39520325000194134
0.9715783886595017,0.9009171094546553,0.07097793944013489,0.20755024013937534,0.0,0.1835225566409633,6.663907974122259,3.0,0.3902523340002517
0.9157596501677077,0.9012002210465828,0.06136113033724119,0.2025881566801271,0.0,0.0,7.236735898911551,3.0,0.45960187500168104
0.9411787385087355,0.8870367705212195,0.06655415015321593,0.3461723110130066,0.0024301116361688333,0.0,5.345648357524451,3.0,1.5668335419977666
0.9187158117982334,0.8592691719735436,0.06764222950257415,0.2886595098450998,0.0025258196535676803,0.1192741033544183,5.656367054814614,3.0,0.30657766700096545
0.9622102341147538,0.9126375733157074,0.0646431632140366,0.2885128535406723,0.0024683293239115924,0.0,4.947870722691097,3.0,0.2885013749983045
0.962580975205276,0.8588908700677523,0.06461950866539486,0.28625726363157467,0.0024989834800265625,0.0,5.161918245067348,3.0,0.36677250000138883
0.9626325593402766,0.9135819686857648,0.06764855620772633,0.28517233068460085,0.0024890513366712195,0.11925035913481115,4.9480147802771794,3.0,0.3340972910009441
0.918561241717293,0.9140074237223595,0.06459892712973529,0.28339205214964525,0.002505414298050142,0.0,5.363630099879702,3.0,0.3136954159999732
0.9626166456237839,0.9140520625812691,0.06766569720355797,0.28288489587923255,0.002386481084411674,0.0,5.1047295636104835,3.0,0.31889787500040256
0.9516141301289471,0.8719887463147495,0.06690152455748961,0.2532115405464873,0.0023216900364351908,0.0,4.568390404035719,3.0,0.3119872499992198
0.9626887305917957,0.8577483275009437,0.06767329860267314,0.28172774687579516,0.002488152324539146,0.0,4.958996456235791,3.0,0.38742679200004204
0.9627119247276387,0.8575850183979151,0.06767604000148908,0.281067196322709,0.0023433936307141507,0.0,5.180202951771292,3.0,0.3455987079978513
0.9627053883211445,0.8575178903534656,0.06612630000382812,0.28072484425468514,0.002182957961648467,0.0,4.762193614827,3.0,0.36282187499818974
0.9627708207567208,0.8574151442530664,0.06767716334555329,0.2802601419524179,0.002318709066874698,0.0,4.66562839462944,3.0,0.34875804200055427
0.9628085223756873,0.8573151683781748,0.06768080470378113,0.27980160960355044,0.002289309457953879,0.0,4.552585580671851,3.0,0.34512912500213133
0.9740470520598143,0.8425783868261292,0.06846345784775079,0.30603326017202026,0.002501679060684121,0.0,5.402135113033337,3.0,0.39197629199770745
0.9740542052515194,0.8424832458500275,0.0668948503725906,0.3051678803804456,0.0020716453133490785,0.0,4.604938748002133,3.0,0.3827631249987462
0.9741364257492031,0.8424324218222659,0.06690129207466637,0.3052365364076858,0.0020512876142075465,0.0,4.471103444193289,3.0,0.3316843330030679
0.9855550201780944,0.8275530874243661,0.06612849049645088,0.33086310446513867,0.0023373348344697172,0.0,5.162397598346802,3.0,0.39692529199965065
0.9855557860668305,0.8574609313566964,0.06611552912138845,0.32953517763448004,0.0022865033300932093,0.0,4.861306767483354,3.0,0.3776693330000853
0.9626889843146651,0.8273174367901379,0.06611368617174,0.32911622908393223,0.001759525732125501,0.0,4.669391360432793,3.0,0.4008671250012412
0.9627475141011703,0.82709976777433,0.06611720189252959,0.32906823757717546,0.001759979721447892,0.0,4.625379392264877,3.0,0.4117770830016525
0.9854875432034201,0.8579310708225745,0.06611967307114301,0.32900530492323415,0.001967149950360011,0.0,4.689069838903124,3.0,0.3898865829978604
0.9627008430033142,0.8269597261621721,0.06612115846063944,0.32887764355588656,0.0017606618051078421,0.0,4.92842000690306,3.0,0.45571654200102785
0.17513948084643163,1.0,0.0,0.8664097161311655,0.0,0.0,93.18702708210013,4.0,
0.1913003372403762,0.8794627428054809,0.08722198605537415,0.5233153202059194,0.007363797724246979,0.33757045269012453,8.371300632205111,4.0,
0.41637124935539843,0.7863924860954284,0.3794712781906128,0.8047617429067133,0.21186878681182864,0.05262851119041443,48.70542375074446,4.0,
0.4432099349259433,0.9342965602874755,0.11835068464279175,0.6212611441587553,0.3861815690994263,0.1383927345275879,13.856916971164951,4.0,
0.09256867663852231,0.6256012856960297,0.22295193672180177,0.9735826436038874,0.18130544424057007,0.2519006967544556,44.47012082876138,4.0,
0.06985388208437215,0.9704617261886597,0.3075333833694458,0.8742379800187632,0.13180785179138185,0.3593035221099854,39.46172495341878,4.0,
0.5468223592594188,0.6633412659168243,0.0029092151671648026,0.7221344731791349,0.33665497303009034,0.04424684941768647,43.07628480804184,4.0,
0.32231471799992983,0.8159209251403808,0.2886635780334473,0.7721397499541471,0.26217586994171144,0.1584809422492981,41.64587272716758,4.0,
0.2224696195933161,0.7244254589080811,0.19638837575912477,0.5575310823219807,0.05764189958572388,0.24497475624084475,32.33450527263595,4.0,
0.2749861680388869,0.9132004499435424,0.2668726205825806,0.6862397854597345,0.23736321926116943,0.2989377498626709,35.786279834033564,4.0,
0.33717813011475706,0.6217004016041755,0.17462486028671265,0.9008488029409535,0.032467642426490785,0.11086941957473756,35.454857316471575,4.0,
0.5257708180791644,0.8739916324615478,0.3353548049926758,0.5840484557915575,0.15698294639587404,0.09965961575508119,39.931818116682166,4.0,
0.01450161381876144,0.7668666005134582,0.03075203001499176,0.736151286786425,0.36146848201751713,0.31004080772399906,18.509422313902263,4.0,
0.1086097091312499,0.8370215654373169,0.14030989408493041,0.836536592280683,0.3109653234481812,0.20418827533721925,22.63580059752455,4.0,
0.4945872576962001,0.7283217191696167,0.24493863582611086,0.4842147688276216,0.10650879144668579,0.19225521087646485,36.383755352894475,4.0,
0.359948862665287,0.9759373664855957,0.058793628215789796,0.9345103882554957,0.0821597993373871,0.003466697409749031,11.386027970182091,4.0,
0.1713551119903617,0.68286252617836,0.3510642528533936,0.6530646970572663,0.28708436489105227,0.39308373928070073,49.188892523455685,4.0,
0.16095792937291453,0.98774573802948,0.15189524888992312,0.7894921993532766,0.18930808305740357,0.18354799747467043,20.158980303233655,4.0,
0.3860549635980893,0.6964471220970154,0.25659420490264895,0.5374796747000211,0.3906667232513428,0.22010302543640137,40.09122596154374,4.0,
0.48475166616604815,0.8484393119812011,0.04586420953273773,0.8874990083568695,0.21675863265991213,0.384187650680542,13.254260832794554,4.0,
0.13415422754700312,0.7415156841278077,0.33801589012146,0.706361560447952,0.014986157417297363,0.019167402386665346,41.777080272540424,4.0,
0.030515329723284475,0.8623725175857544,0.22845885753631592,0.607930845708238,0.06526578664779663,0.11332551240921021,31.923518702267213,4.0,
0.5075280207980283,0.7538740992546081,0.1362812638282776,0.9895467965489951,0.2670641899108887,0.2767726182937622,25.26184592693833,4.0,
0.35487675104869965,0.901190710067749,0.3724263191223145,0.5057716623973243,0.3411416530609131,0.31268651485443116,39.81509252201428,4.0,
0.2550584603719275,0.6083172790706157,0.06770445108413696,0.8248824206410841,0.1398089647293091,0.0777077615261078,12.607073525606758,4.0,
0.23565789140288876,0.8039164781570435,0.39399793148040774,0.9525469197702597,0.3663564205169678,0.028338614106178286,50.49985057339614,4.0,
0.2978757013410358,0.7110354185104371,0.08929745554924012,0.6334363205487966,0.16460721492767336,0.36801650524139407,14.257030044163535,4.0,
0.5583255835592302,0.9588479042053223,0.2004180908203125,0.8504167262240214,0.04046837687492371,0.22926752567291261,26.105493860387302,4.0,
0.04709991722036236,0.6503418564796447,0.10826793909072877,0.46879995443065786,0.24185028076171877,0.16737128496170045,19.927087478788174,4.0,
0.07825729978657428,0.9457211256027221,0.0236856609582901,0.5703597369866702,0.2915699005126953,0.07478788495063782,25.667795458848243,4.0,19.95839545799754
0.6075698764798471,1.0,0.07230525364414526,0.0,0.20462703877243898,0.0,47.987728308113674,4.0,0.378182458000083
0.24524023141751197,1.0,0.07218527821006239,0.883991438871923,0.24642398231992754,0.0,10.242503737423846,4.0,0.6058625839978049
0.5197904676315731,1.0,0.09069522527534363,0.7656453289194256,0.0,0.9077266622382305,14.555933486820146,4.0,0.4518899169997894
0.8786955744309113,1.0,0.06675406926662154,0.6863982635873916,0.12885432359406135,0.0,10.241505691130484,4.0,0.6914373750005325
0.0,1.0,0.08625638851444567,0.6150145431607918,0.0,0.0,34.6829118362816,4.0,0.6068386250008189
1.0,1.0,0.06132064626816384,0.82012226091271,0.19390928784279932,0.163787917775285,11.062896590578715,4.0,0.6790775420013233
0.5651581952641687,1.0,0.077598299789219,0.6283450764533633,0.0104582555365688,0.5518166088484804,9.447250587336903,4.0,0.6008896669991373
1.0,1.0,0.10291855977100617,0.4837015598229363,0.030996908984124785,0.6289602290592909,8.636475015307443,4.0,0.7219267500004207
0.0,0.7168648416746138,0.09109917382453193,0.46427495705384303,0.0,0.6657756940025903,32.11426323094141,4.0,1.2276574999996228
0.8463297840430979,1.0,0.07973655203778526,0.7701314033650268,0.22389552221527623,1.0,9.297367878311716,4.0,0.577115624997532
0.9018342721089814,1.0,0.08970018870597214,0.7320883884871722,0.14091880425585948,0.0,9.086263506681984,4.0,0.8071066659977078
0.7018111373320481,0.0,0.07166253984358785,0.7931787064983431,0.22515630236488984,0.5592928764920138,65.95497516404338,4.0,0.7334090420008579
0.9873114484297794,0.9069061243717499,0.08069767393328282,0.7868600251403037,0.21770392697188204,0.34994442308240603,9.387410650070311,4.0,0.5675268750019313
0.5203954047216705,0.8533578019358372,0.07187634853192042,0.7798564698128156,0.22094525621077613,0.16492932079611516,10.59158659327733,4.0,0.7212263330002315
0.6873949320173232,0.8777860900564911,0.07937750630988655,0.7615206594886396,0.12625468512715007,0.4781031386080837,9.719388612304016,4.0,0.47121224999864353
0.6859378938936778,0.888491286153945,0.07582752107773923,0.7529954646746153,0.15491837176138354,0.4782807949340244,8.971627853956845,4.0,0.6522626660007518
0.6874957077630421,0.8725042563666393,0.0759659875845642,0.7515981361995993,0.15720650598621136,0.0,8.909956320938326,4.0,0.5798545409998042
0.677939671995007,0.945447870878093,0.10420066328532286,0.6137130956040726,0.15883573887909508,1.0,11.49739607996161,4.0,0.4663375410018489
0.5743960044879444,0.8940507895864757,0.06922038484643704,0.7509786314967297,0.16083191534253732,0.735542029420186,9.313840193124646,4.0,0.8166183329994965
0.5508948256501871,0.8844318844417034,0.0833739193871396,0.5175384274470363,0.14227519979953582,0.06586623768135634,8.920258224141833,4.0,0.5336573749991658
0.4122908336849329,0.8228590163796149,0.0776567206475694,0.6337901034443985,0.08869775072264079,0.0,9.570987139836781,4.0,0.3705288329983887
0.40507168441475544,0.8454296747926604,0.09681596361212176,0.6252550815180622,0.08970776959876073,0.0,11.92892073730431,4.0,0.4336436669982504
0.4065730938275535,0.8724022547070754,0.07765349715085736,0.6105799830042479,0.090984118083587,0.9056244284829746,9.66479211724805,4.0,0.4022256250027567
0.277808161116033,0.8780911222090884,0.07945005244847286,0.5371326779453939,0.6400416826392147,0.0,9.368953644323247,4.0,0.5850488340001903
0.364827333875951,0.9112184054981948,0.07952764431575036,0.4823761598829901,0.0,0.8976973299192839,15.302420635659743,4.0,0.5300273749999178
0.3658180530503492,0.8809450785895603,0.08275651184530138,0.5850083758519791,0.0,0.0,16.52706931250909,4.0,0.7377993330010213
0.29979334731635215,0.8487615587956364,0.09080287865685277,0.5569420036603753,0.15740292180267415,0.5935216712262628,10.760631522361507,4.0,0.44546579099915107
0.37415821543647143,0.8496469717686082,0.08221331532356334,0.5194029693218812,0.19782985777988754,0.32865688772172796,9.082604274580225,4.0,0.42702812499919673
0.3410873056252499,0.8814640604388568,0.08279073474088919,0.5552668186758356,0.2426867977565664,0.4415623483371376,9.262464378115016,4.0,0.38278041599915014
0.33501116126720054,0.8501666331874886,0.09152954463782109,0.5135797372592441,0.2704838879453029,0.27128456926565,10.514188452744623,4.0,0.4823043750002398
0.3323419822056686,0.8748354323975753,0.08299602982688656,0.5535245425870285,0.28207443793911713,0.447397794100093,9.008485595836246,4.0,0.3858174999986659
0.33241460361724945,0.8769204800866879,0.08297769390891982,0.552831787433582,0.29313400445225407,0.44612546294219513,9.593070854265477,4.0,0.40568350000103237
0.2622804680689431,0.8936952782930543,0.08936679084621355,0.5088243194828094,0.1523530191046948,0.3911993805091198,9.564447613694652,4.0,0.3894157920003636
0.2898317973087656,0.8716344225191257,0.08996238025018316,0.5455810916535891,0.0,0.38039834545038737,20.411145825205892,4.0,0.44464999999763677
0.24848863296061977,0.857450043798501,0.08488326245913996,0.4997467615902905,0.03379965833343645,0.2044777547808653,8.902540301020467,4.0,0.30754125000021304
0.2488946678440071,0.8600203068960143,0.0849648067024805,0.5027306983433298,0.040714043851166344,0.1968680106389785,9.460166246736797,4.0,0.37048362499990617
0.25885942241210647,0.8636240862340231,0.08509649886248372,0.5072149934361813,0.10384914213322786,0.2684695985814397,9.514427339382786,4.0,0.3592314579982485
0.25944776213966086,0.863847538115932,0.08508271345763055,0.5076593188667438,0.11310200816827032,0.27278701544926665,9.21731661949577,4.0,0.39522362500065356
0.22563060581462926,0.8872189259451898,0.08614328774144059,0.5156297984571704,0.06300572039687379,0.36862744093934047,9.079414688943293,4.0,0.38326808299825643
0.22598709329243863,0.8870302047814885,0.08615098295949626,0.5159535881801475,0.07106056721137309,0.36650775270563973,9.249171062007873,4.0,0.32330050000018673
0.22624252533165987,0.8869487843054311,0.08614816389104529,0.5161414025749252,0.07541495876266893,0.36538893686020263,9.162433828708558,4.0,0.42872633400111226
0.22643669707199185,0.8869119558526599,0.0861413676456629,0.5162785023391739,0.07810453989552135,0.3646645466431084,9.262619199385227,4.0,0.41560504200242576
0.22659938652925268,0.8869081263720898,0.0861319586304062,0.5163837672887882,0.07950216140334534,0.36420073301449774,9.12527464374595,4.0,0.3077255829994101
0.15583769459629587,0.8869244068966539,0.08612082768242456,0.5164745049746573,0.08014305747575243,0.3638663508088763,9.114944759634117,4.0,0.37867433299834374
0.21342538596297828,0.8748056062309322,0.08654563545335654,0.5150903189997362,0.012639892739447458,0.3572790826246804,8.782843306415302,4.0,0.3091026670008432
0.17351724110212782,0.883145298034738,0.08666445138349216,0.5199922725919663,0.04589759706049552,0.3503193664356186,9.311996612482423,4.0,0.3233046249988547
0.17361697703966783,0.8831362163341884,0.08665959737207006,0.5200259133696544,0.04650698795918086,0.35024195228172633,9.332400953072105,4.0,0.335833958000876
